Josh McRoberts,PF,Heat,400899378,0,DNP-COACH'S DECISION
Josh McRoberts,PF,Heat,400899381,0,DNP-LEFT FOOT
Josh McRoberts,PF,Heat,400899434,1,24,5-10,0-1,0-0,2,3,5,1,0,0,2,0,-8,10
Josh McRoberts,PF,Heat,400899456,0,DNP-COACH'S DECISION
Josh McRoberts,PF,Heat,400899487,0,DNP-COACH'S DECISION
Josh McRoberts,PF,Heat,400899499,0,DNP-COACH'S DECISION
Josh McRoberts,PF,Heat,400899521,0,DNP-COACH'S DECISION
Josh McRoberts,PF,Heat,400899547,0,DNP-COACH'S DECISION
Josh McRoberts,PF,Heat,400899568,0,DNP-COACH'S DECISION
Josh McRoberts,PF,Heat,400899586,0,13,2-4,0-1,0-0,0,0,0,1,0,0,1,2,+3,4
Josh McRoberts,PF,Heat,400899600,0,14,0-6,0-1,0-0,0,3,3,3,2,0,0,2,-4,0
Josh McRoberts,PF,Heat,400899604,0,9,0-3,0-0,0-0,1,4,5,1,0,0,0,2,-3,0
Josh McRoberts,PF,Heat,400899620,0,DNP-COACH'S DECISION
Josh McRoberts,PF,Heat,400899636,0,DNP-COACH'S DECISION
Josh McRoberts,PF,Heat,400899649,0,12,1-4,0-1,0-0,3,1,4,0,0,1,1,0,-7,2
Josh McRoberts,PF,Heat,400899668,0,16,1-5,0-2,0-0,0,7,7,2,1,0,0,0,+5,2
Josh McRoberts,PF,Heat,400899683,0,12,2-7,0-0,1-2,1,4,5,3,0,1,0,2,-4,5
Josh McRoberts,PF,Heat,400899693,0,13,1-1,0-0,0-0,0,2,2,1,2,0,0,1,-4,2
Josh McRoberts,PF,Heat,400899706,0,7,1-2,0-0,0-0,1,1,2,2,0,0,1,1,-4,2
Josh McRoberts,PF,Heat,400899723,1,16,0-4,0-0,1-2,1,2,3,3,0,1,1,3,-6,1
Josh McRoberts,PF,Heat,400899740,1,28,5-9,2-3,1-1,0,2,2,4,2,0,2,1,+17,13
Josh McRoberts,PF,Heat,400899758,1,29,2-6,1-2,2-2,3,5,8,5,0,0,2,3,-1,7
Josh McRoberts,PF,Heat,400899766,1,30,1-5,0-1,0-0,1,1,2,4,1,0,5,2,-19,2
Josh McRoberts,PF,Heat,400899780,1,19,3-13,0-2,0-0,3,1,4,4,0,0,1,2,-15,6
Josh McRoberts,PF,Heat,400899792,1,23,3-5,2-3,0-0,1,4,5,1,1,0,1,2,-6,8
Josh McRoberts,PF,Heat,400899805,1,18,3-8,1-3,0-0,3,5,8,5,0,0,1,1,+4,7
Josh McRoberts,PF,Heat,400899819,1,18,2-2,1-1,0-0,1,3,4,2,0,0,0,1,-9,5
Josh McRoberts,PF,Heat,400899839,1,17,4-10,3-5,0-0,0,0,0,2,0,1,1,1,-3,11
Josh McRoberts,PF,Heat,400899852,1,16,3-5,2-3,0-0,0,0,0,4,0,0,1,0,-10,8
Josh McRoberts,PF,Heat,400899864,1,17,2-4,0-0,1-2,1,0,1,0,0,0,1,2,+0,5
Josh McRoberts,PF,Heat,400899881,1,16,2-2,0-0,0-0,1,1,2,0,0,0,0,2,-9,4
Josh McRoberts,PF,Heat,400899891,1,15,1-3,1-2,0-0,0,2,2,2,1,0,2,1,+9,3
Josh McRoberts,PF,Heat,400899915,0,DNP-FRACTURED LEFT FOOT
Josh McRoberts,PF,Heat,400899928,0,DNP-LEFT FOOT
Josh McRoberts,PF,Heat,400899936,0,DNP-FRACTURED LEFT FOOT
Josh McRoberts,PF,Heat,400900583,0,DNP-COACH'S DECISION
Josh McRoberts,PF,Heat,400900599,0,DNP-COACH'S DECISION
