Mike Miller,SG,Nuggets,400899388,0,DNP-COACH'S DECISION
Mike Miller,SG,Nuggets,400899404,0,8,0-1,0-1,0-0,0,2,2,0,0,0,1,0,+0,0
Mike Miller,SG,Nuggets,400899405,0,DNP-COACH'S DECISION
Mike Miller,SG,Nuggets,400899419,0,DNP-COACH'S DECISION
Mike Miller,SG,Nuggets,400899444,0,DNP-COACH'S DECISION
Mike Miller,SG,Nuggets,400899450,0,DNP-COACH'S DECISION
Mike Miller,SG,Nuggets,400899483,0,DNP-COACH'S DECISION
Mike Miller,SG,Nuggets,400899492,0,DNP-COACH'S DECISION
Mike Miller,SG,Nuggets,400899517,0,DNP-COACH'S DECISION
Mike Miller,SG,Nuggets,400899532,0,4,0-0,0-0,0-0,0,1,1,1,0,0,0,0,+5,0
Mike Miller,SG,Nuggets,400899541,0,DNP-COACH'S DECISION
Mike Miller,SG,Nuggets,400899552,0,0,0-0,0-0,0-0,0,0,0,0,0,0,1,0,+0,0
Mike Miller,SG,Nuggets,400899569,0,9,3-4,3-4,0-0,0,1,1,1,0,0,0,1,-2,9
Mike Miller,SG,Nuggets,400899588,0,DNP-COACH'S DECISION
Mike Miller,SG,Nuggets,400899594,0,DNP-COACH'S DECISION
Mike Miller,SG,Nuggets,400899616,0,DNP-COACH'S DECISION
Mike Miller,SG,Nuggets,400899631,0,DNP-PERSONAL REASONS
Mike Miller,SG,Nuggets,400899723,0,DNP-COACH'S DECISION
Mike Miller,SG,Nuggets,400899732,0,4,0-0,0-0,0-0,0,2,2,2,0,0,0,0,+2,0
Mike Miller,SG,Nuggets,400899739,0,DNP-COACH'S DECISION
Mike Miller,SG,Nuggets,400899746,0,DNP-COACH'S DECISION
Mike Miller,SG,Nuggets,400899765,0,DNP-COACH'S DECISION
Mike Miller,SG,Nuggets,400899774,0,DNP-COACH'S DECISION
Mike Miller,SG,Nuggets,400899789,0,DNP-COACH'S DECISION
Mike Miller,SG,Nuggets,400899807,0,DNP-COACH'S DECISION
Mike Miller,SG,Nuggets,400899828,0,DNP-COACH'S DECISION
Mike Miller,SG,Nuggets,400899846,0,DNP-COACH'S DECISION
Mike Miller,SG,Nuggets,400899859,0,DNP-COACH'S DECISION
Mike Miller,SG,Nuggets,400899868,0,DNP-COACH'S DECISION
Mike Miller,SG,Nuggets,400899893,0,DNP-COACH'S DECISION
Mike Miller,SG,Nuggets,400899912,0,DNP-COACH'S DECISION
Mike Miller,SG,Nuggets,400899925,0,DNP-COACH'S DECISION
Mike Miller,SG,Nuggets,400899942,0,DNP-COACH'S DECISION
Mike Miller,SG,Nuggets,400899964,0,4,0-0,0-0,0-0,0,1,1,1,0,0,1,0,-6,0
Mike Miller,SG,Nuggets,400899976,0,DNP-COACH'S DECISION
Mike Miller,SG,Nuggets,400900010,0,3,0-1,0-1,0-0,0,1,1,0,0,0,1,0,-2,0
Mike Miller,SG,Nuggets,400900038,0,DNP-COACH'S DECISION
Mike Miller,SG,Nuggets,400900047,0,DNP-COACH'S DECISION
Mike Miller,SG,Nuggets,400900060,0,11,1-4,1-2,0-0,1,2,3,1,0,0,1,1,+4,3
Mike Miller,SG,Nuggets,400900079,0,5,0-0,0-0,2-2,0,2,2,1,0,0,0,0,-6,2
Mike Miller,SG,Nuggets,400900085,0,DNP-COACH'S DECISION
Mike Miller,SG,Nuggets,400900099,0,DNP-COACH'S DECISION
Mike Miller,SG,Nuggets,400900113,0,DNP-COACH'S DECISION
Mike Miller,SG,Nuggets,400900130,0,DNP-COACH'S DECISION
Mike Miller,SG,Nuggets,400900150,0,DNP-COACH'S DECISION
Mike Miller,SG,Nuggets,400900157,0,DNP-COACH'S DECISION
Mike Miller,SG,Nuggets,400900167,0,6,0-0,0-0,0-0,0,1,1,1,0,0,2,0,-2,0
Mike Miller,SG,Nuggets,400900181,0,2,0-0,0-0,0-0,0,0,0,0,0,0,0,0,+1,0
Mike Miller,SG,Nuggets,400900190,0,DNP-COACH'S DECISION
Mike Miller,SG,Nuggets,400900205,0,DNP-COACH'S DECISION
Mike Miller,SG,Nuggets,400900216,0,12,0-2,0-2,0-0,0,2,2,4,1,0,2,2,-6,0
Mike Miller,SG,Nuggets,400900232,0,11,2-2,2-2,0-0,0,2,2,0,0,0,0,2,-8,6
Mike Miller,SG,Nuggets,400900248,0,DNP-COACH'S DECISION
Mike Miller,SG,Nuggets,400900261,0,2,0-0,0-0,0-0,0,0,0,0,0,0,0,0,-1,0
Mike Miller,SG,Nuggets,400900270,0,3,0-0,0-0,0-0,0,1,1,0,0,0,0,1,-2,0
Mike Miller,SG,Nuggets,400900282,0,DNP-COACH'S DECISION
Mike Miller,SG,Nuggets,400900297,0,2,0-0,0-0,0-0,0,0,0,0,0,0,0,0,-3,0
Mike Miller,SG,Nuggets,400900318,0,DNP-COACH'S DECISION
Mike Miller,SG,Nuggets,400900338,0,DNP-COACH'S DECISION
Mike Miller,SG,Nuggets,400900353,0,DNP-COACH'S DECISION
Mike Miller,SG,Nuggets,400900365,0,DNP-COACH'S DECISION
Mike Miller,SG,Nuggets,400900379,0,DNP-COACH'S DECISION
Mike Miller,SG,Nuggets,400900393,0,DNP-COACH'S DECISION
Mike Miller,SG,Nuggets,400900413,0,DNP-COACH'S DECISION
Mike Miller,SG,Nuggets,400900429,0,DNP-COACH'S DECISION
Mike Miller,SG,Nuggets,400900443,0,DNP-COACH'S DECISION
Mike Miller,SG,Nuggets,400900459,0,DNP-COACH'S DECISION
Mike Miller,SG,Nuggets,400900490,0,6,0-1,0-1,0-0,0,3,3,0,0,0,0,0,+9,0
Mike Miller,SG,Nuggets,400900522,0,DNP-COACH'S DECISION
Mike Miller,SG,Nuggets,400900536,0,DNP-COACH'S DECISION
Mike Miller,SG,Nuggets,400900546,0,DNP-COACH'S DECISION
Mike Miller,SG,Nuggets,400900562,0,3,0-1,0-1,0-0,0,1,1,0,0,0,0,0,-8,0
Mike Miller,SG,Nuggets,400900576,0,DNP-COACH'S DECISION
Mike Miller,SG,Nuggets,400900592,0,29,3-4,2-3,0-0,0,7,7,6,1,0,3,2,+24,8
Mike Miller,SG,Nuggets,400900603,0,28,0-3,0-3,0-0,1,7,8,4,0,0,1,0,-4,0
